10/08/2026;AAAAAA;1
10/08/2026;BBBBBB;7
10/08/2026;CCCCCC;4
10/08/2026;QWERTG;15
10/08/2026;AAABBB;3
10/08/2026;LKOPIU;5
10/08/2026;SASDES;3
10/08/2026;REYTTF;24
10/08/2026;FDSAER;11
10/08/2026;FDSAWE;4
10/08/2026;WERTYU;28
10/08/2026;QWEDSX;24
11/08/2026;SSSSSS;5
11/08/2026;ABCDEF;45
11/08/2026;BOSCH127.ezd;12
11/08/2026;SDFHUG;16
11/08/2026;AAAAAA;1
11/08/2026;BBBBBB;29
11/08/2026;ASDQWE;16
11/08/2026;MMMFDS;15
12/08/2026;MMMFDS;23
12/08/2026;BOSCH127.ezd;1
12/08/2026;AAAAAA;1
20/08/2026;AAAAAA;6
20/08/2026;BBBBBB;7
